Workbook

Sheet Main
A1: Факт | B1: Источник
A2: У человека в организме больше вирусов, чем бактерий, но большинство из них безвредны. | B2: Virology Journal
A3: У осадков на Титане (спутнике Сатурна) идут дожди из жидкого метана. | B3: NASA Cassini Mission
A4: У бабочек вкусовые рецепторы находятся на лапках. | B4: Entomology Research
A5: Сердце креветки находится в голове. | B5: Crustacean Anatomy
A6: У летучих мышей нет слепоты — большинство из них хорошо видят. | B6: Bat Biology Review
A7: Алмазы могут образовываться не только на Земле, но и в атмосфере Урана и Нептуна. | B7: Planetary Science Journal
A8: У человека нет «пяти чувств» — их число превышает двадцать. | B8: Neuroscience Review
A9: В Антарктиде есть кроваво-красный водопад из-за окисленного железа. | B9: Antarctic Science
A10: У воронов есть способность к планированию будущих действий. | B10: Animal Cognition
A11: Растения могут «общаться» друг с другом через химические сигналы в почве. | B11: Ecology Letters
A12: У морских львов ритм под музыку развит лучше, чем у многих приматов. | B12: Current Biology
... A40: Песок пустынь чаще всего непригоден для строительства из-за формы зёрен. | B40: Civil Engineering Materials

Sheet export
A1: Факт | B1: Источник
A2: =IF(Main!A2="","",Main!A2) -> У человека в организме больше вирусов, чем бактерий, но большинство из них безвредны. | B2: =IF(Main!A2="","",Main!B2) -> Virology Journal
A3: =IF(Main!A3="","",Main!A3) -> У осадков на Титане (спутнике Сатурна) идут дожди из жидкого метана. | B3: =IF(Main!A3="","",Main!B3) -> NASA Cassini Mission
A4: =IF(Main!A4="","",Main!A4) -> У бабочек вкусовые рецепторы находятся на лапках. | B4: =IF(Main!A4="","",Main!B4) -> Entomology Research
A5: =IF(Main!A5="","",Main!A5) -> Сердце креветки находится в голове. | B5: =IF(Main!A5="","",Main!B5) -> Crustacean Anatomy
A6: =IF(Main!A6="","",Main!A6) -> У летучих мышей нет слепоты — большинство из них хорошо видят. | B6: =IF(Main!A6="","",Main!B6) -> Bat Biology Review
A7: =IF(Main!A7="","",Main!A7) -> Алмазы могут образовываться не только на Земле, но и в атмосфере Урана и Нептуна. | B7: =IF(Main!A7="","",Main!B7) -> Planetary Science Journal
A8: =IF(Main!A8="","",Main!A8) -> У человека нет «пяти чувств» — их число превышает двадцать. | B8: =IF(Main!A8="","",Main!B8) -> Neuroscience Review
A9: =IF(Main!A9="","",Main!A9) -> В Антарктиде есть кроваво-красный водопад из-за окисленного железа. | B9: =IF(Main!A9="","",Main!B9) -> Antarctic Science
A10: =IF(Main!A10="","",Main!A10) -> У воронов есть способность к планированию будущих действий. | B10: =IF(Main!A10="","",Main!B10) -> Animal Cognition
A11: =IF(Main!A11="","",Main!A11) -> Растения могут «общаться» друг с другом через химические сигналы в почве. | B11: =IF(Main!A11="","",Main!B11) -> Ecology Letters
A12: =IF(Main!A12="","",Main!A12) -> У морских львов ритм под музыку развит лучше, чем у многих приматов. | B12: =IF(Main!A12="","",Main!B12) -> Current Biology
A13: =IF(Main!A13="","",Main!A13) -> Люди светятся в темноте, но глаз не может это зафиксировать. | B13: =IF(Main!A13="","",Main!B13) -> Bioluminescence Studies
... A29: =IF(Main!A29="","",Main!A29) -> Лёд может быть горячим — существует форма льда при температуре выше 100 °C. | B29: =IF(Main!A29="","",Main!B29) -> High Pressure Physics
A30: =IF(Main!#REF!="","",Main!#REF!) -> #REF! | B30: =IF(Main!#REF!="","",Main!#REF!) -> #REF!
A31: =IF(Main!A30="","",Main!A30) -> Человеческий слух способен различать разницу во времени менее одной миллисекунды. | B31: =IF(Main!A30="","",Main!B30) -> Auditory Neuroscience
A32: =IF(Main!A31="","",Main!A31) -> У пауков нет мышц для разгибания ног — они используют давление жидкости. | B32: =IF(Main!A31="","",Main!B31) -> Arachnology Studies
A33: =IF(Main!A32="","",Main!A32) -> Самый распространённый металл в земной коре — алюминий. | B33: =IF(Main!A32="","",Main!B32) -> Geochemistry Reference
A34: =IF(Main!A33="","",Main!A33) -> Некоторые семена растений могут сохранять всхожесть сотни лет. | B34: =IF(Main!A33="","",Main!B33) -> Seed Science Research
A35: =IF(Main!A34="","",Main!A34) -> У рыб есть боковая линия, позволяющая чувствовать движение воды. | B35: =IF(Main!A34="","",Main!B34) -> Ichthyology Handbook
A36: =IF(Main!A35="","",Main!A35) -> В среднем облака отражают около 30 % солнечного света обратно в космос. | B36: =IF(Main!A35="","",Main!B35) -> Climate Science Reports
A37: =IF(Main!A36="","",Main!A36) -> У китов есть ушная сера, по слоям которой можно определить возраст. | B37: =IF(Main!A36="","",Main!B36) -> Marine Mammal Science
A38: =IF(Main!A37="","",Main!A37) -> Человеческий глаз способен различать около 10 миллионов цветов. | B38: =IF(Main!A37="","",Main!B37) -> Vision Science Review
A39: =IF(Main!A38="","",Main!A38) -> У некоторых видов лягушек кровь содержит антифризоподобные вещества. | B39: =IF(Main!A38="","",Main!B38) -> Herpetology Journal
A40: =IF(Main!A39="","",Main!A39) -> Земля не является идеальной сферой — она слегка сплюснута у полюсов. | B40: =IF(Main!A39="","",Main!B39) -> Geodesy Fundamentals
A41: =IF(Main!A40="","",Main!A40) -> Песок пустынь чаще всего непригоден для строительства из-за формы зёрен. | B41: =IF(Main!A40="","",Main!B40) -> Civil Engineering Materials
A42: =IF(Main!A41="","",Main!A41) | B42: =IF(Main!A41="","",Main!B41)
... A886: =IF(Main!A885="","",Main!A885) | B886: =IF(Main!A885="","",Main!B885)
